{"frames":{"DAself(Body)0.png":{"frame":{"x":0,"y":0,"w":256,"h":256},"rotated":false,"trimmed":false,"spriteSourceSize":{"x":0,"y":0,"w":256,"h":256},"sourceSize":{"w":256,"h":256}},"DAself(Body)1.png":{"frame":{"x":256,"y":0,"w":256,"h":256},"rotated":false,"trimmed":false,"spriteSourceSize":{"x":0,"y":0,"w":256,"h":256},"sourceSize":{"w":256,"h":256}},"DAself(Body)2.png":{"frame":{"x":512,"y":0,"w":256,"h":256},"rotated":false,"trimmed":false,"spriteSourceSize":{"x":0,"y":0,"w":256,"h":256},"sourceSize":{"w":256,"h":256}},"DAself(Body)3.png":{"frame":{"x":0,"y":256,"w":256,"h":256},"rotated":false,"trimmed":false,"spriteSourceSize":{"x":0,"y":0,"w":256,"h":256},"sourceSize":{"w":256,"h":256}},"DAself(Body)4.png":{"frame":{"x":256,"y":256,"w":256,"h":256},"rotated":false,"trimmed":false,"spriteSourceSize":{"x":0,"y":0,"w":256,"h":256},"sourceSize":{"w":256,"h":256}},"DAself(Body)5.png":{"frame":{"x":512,"y":256,"w":256,"h":256},"rotated":false,"trimmed":false,"spriteSourceSize":{"x":0,"y":0,"w":256,"h":256},"sourceSize":{"w":256,"h":256}},"DAself(Body)6.png":{"frame":{"x":0,"y":512,"w":256,"h":256},"rotated":false,"trimmed":false,"spriteSourceSize":{"x":0,"y":0,"w":256,"h":256},"sourceSize":{"w":256,"h":256}},"DAself(Body)7.png":{"frame":{"x":256,"y":512,"w":256,"h":256},"rotated":false,"trimmed":false,"spriteSourceSize":{"x":0,"y":0,"w":256,"h":256},"sourceSize":{"w":256,"h":256}},"DAself(Body)8.png":{"frame":{"x":512,"y":512,"w":256,"h":256},"rotated":false,"trimmed":false,"spriteSourceSize":{"x":0,"y":0,"w":256,"h":256},"sourceSize":{"w":256,"h":256}},"DAself(Body)9.png":{"frame":{"x":0,"y":768,"w":256,"h":256},"rotated":false,"trimmed":false,"spriteSourceSize":{"x":0,"y":0,"w":256,"h":256},"sourceSize":{"w":256,"h":256}},"DAself(Body)10.png":{"frame":{"x":256,"y":768,"w":256,"h":256},"rotated":false,"trimmed":false,"spriteSourceSize":{"x":0,"y":0,"w":256,"h":256},"sourceSize":{"w":256,"h":256}},"DAself(Body)11.png":{"frame":{"x":512,"y":768,"w":256,"h":256},"rotated":false,"trimmed":false,"spriteSourceSize":{"x":0,"y":0,"w":256,"h":256},"sourceSize":{"w":256,"h":256}}},"meta":{"app":"https://github.com/piskelapp/piskel/","version":"1.0","image":"DAself(Body).png","format":"RGBA8888","size":{"w":768,"h":1024}}}