{"frames":{"DADraft0.png":{"frame":{"x":0,"y":0,"w":288,"h":288},"rotated":false,"trimmed":false,"spriteSourceSize":{"x":0,"y":0,"w":288,"h":288},"sourceSize":{"w":288,"h":288}},"DADraft1.png":{"frame":{"x":288,"y":0,"w":288,"h":288},"rotated":false,"trimmed":false,"spriteSourceSize":{"x":0,"y":0,"w":288,"h":288},"sourceSize":{"w":288,"h":288}},"DADraft2.png":{"frame":{"x":576,"y":0,"w":288,"h":288},"rotated":false,"trimmed":false,"spriteSourceSize":{"x":0,"y":0,"w":288,"h":288},"sourceSize":{"w":288,"h":288}},"DADraft3.png":{"frame":{"x":0,"y":288,"w":288,"h":288},"rotated":false,"trimmed":false,"spriteSourceSize":{"x":0,"y":0,"w":288,"h":288},"sourceSize":{"w":288,"h":288}},"DADraft4.png":{"frame":{"x":288,"y":288,"w":288,"h":288},"rotated":false,"trimmed":false,"spriteSourceSize":{"x":0,"y":0,"w":288,"h":288},"sourceSize":{"w":288,"h":288}},"DADraft5.png":{"frame":{"x":576,"y":288,"w":288,"h":288},"rotated":false,"trimmed":false,"spriteSourceSize":{"x":0,"y":0,"w":288,"h":288},"sourceSize":{"w":288,"h":288}},"DADraft6.png":{"frame":{"x":0,"y":576,"w":288,"h":288},"rotated":false,"trimmed":false,"spriteSourceSize":{"x":0,"y":0,"w":288,"h":288},"sourceSize":{"w":288,"h":288}},"DADraft7.png":{"frame":{"x":288,"y":576,"w":288,"h":288},"rotated":false,"trimmed":false,"spriteSourceSize":{"x":0,"y":0,"w":288,"h":288},"sourceSize":{"w":288,"h":288}},"DADraft8.png":{"frame":{"x":576,"y":576,"w":288,"h":288},"rotated":false,"trimmed":false,"spriteSourceSize":{"x":0,"y":0,"w":288,"h":288},"sourceSize":{"w":288,"h":288}},"DADraft9.png":{"frame":{"x":0,"y":864,"w":288,"h":288},"rotated":false,"trimmed":false,"spriteSourceSize":{"x":0,"y":0,"w":288,"h":288},"sourceSize":{"w":288,"h":288}},"DADraft10.png":{"frame":{"x":288,"y":864,"w":288,"h":288},"rotated":false,"trimmed":false,"spriteSourceSize":{"x":0,"y":0,"w":288,"h":288},"sourceSize":{"w":288,"h":288}}},"meta":{"app":"https://github.com/piskelapp/piskel/","version":"1.0","image":"DADraft.png","format":"RGBA8888","size":{"w":864,"h":1152}}}