{"frames":{"snail1":{"frame":{"x":0,"y":0,"w":64,"h":64},"rotated":false,"trimmed":false,"spriteSourceSize":{"x":0,"y":0,"w":64,"h":64},"sourceSize":{"w":64,"h":64}},"snail2":{"frame":{"x":0,"y":65,"w":64,"h":64},"rotated":false,"trimmed":false,"spriteSourceSize":{"x":0,"y":0,"w":64,"h":64},"sourceSize":{"w":64,"h":64}},"snail3":{"frame":{"x":65,"y":0,"w":64,"h":64},"rotated":false,"trimmed":false,"spriteSourceSize":{"x":0,"y":0,"w":64,"h":64},"sourceSize":{"w":64,"h":64}},"snail4":{"frame":{"x":65,"y":65,"w":64,"h":64},"rotated":false,"trimmed":false,"spriteSourceSize":{"x":0,"y":0,"w":64,"h":64},"sourceSize":{"w":64,"h":64}},"slimeBall":{"frame":{"x":0,"y":130,"w":64,"h":64},"rotated":false,"trimmed":false,"spriteSourceSize":{"x":0,"y":0,"w":64,"h":64},"sourceSize":{"w":64,"h":64}},"rock1":{"frame":{"x":65,"y":130,"w":64,"h":64},"rotated":false,"trimmed":false,"spriteSourceSize":{"x":0,"y":0,"w":64,"h":64},"sourceSize":{"w":64,"h":64}},"bananaSlug1":{"frame":{"x":130,"y":0,"w":64,"h":64},"rotated":false,"trimmed":false,"spriteSourceSize":{"x":0,"y":0,"w":64,"h":64},"sourceSize":{"w":64,"h":64}},"bananaSlug2":{"frame":{"x":130,"y":65,"w":64,"h":64},"rotated":false,"trimmed":false,"spriteSourceSize":{"x":0,"y":0,"w":64,"h":64},"sourceSize":{"w":64,"h":64}},"slimeTrail":{"frame":{"x":130,"y":130,"w":64,"h":64},"rotated":false,"trimmed":false,"spriteSourceSize":{"x":0,"y":0,"w":64,"h":64},"sourceSize":{"w":64,"h":64}},"upsideDownSnail":{"frame":{"x":0,"y":195,"w":64,"h":64},"rotated":false,"trimmed":false,"spriteSourceSize":{"x":0,"y":0,"w":64,"h":64},"sourceSize":{"w":64,"h":64}}},"meta":{"app":"https://www.leshylabs.com/apps/sstool/","version":"Leshy SpriteSheet Tool v0.8.4","image":"spritesheet.png","size":{"w":194,"h":259},"scale":1}}