[

	{
		"id":"Kitchen",
		"num": 0,
		"Text":"You head to the kitchen",
		"continue":false,
		"Branch":false
	},

	{
		"id":"LivingRoom",
		"num": 1, 
		"Text":"You head to the living room",
		"continue":false,
		"Branch":false	
	},

	{
		"id":"goodMorning",
		"num": 2,
		"Text":"Mom: Good Morning Honey!",
		"continue":false,
		"Branch":false
	},

	{
		"id":"goodMorningReply",
		"num": 3,
		"Text":"DeAndre: Morning, momma!",
		"continue":true,
		"Branch":false
	},

	{
		"id":"wantCereal",
		"num": 4,
		"Text":"Mom: Honey, I’m making breakfast for your sister. Do you want some too?",
		"continue":false,
		"Branch":true,
		"Choices":[
			"Make Cereal",
			"Have Breakfast"
		]
	}, 

	{
		"id":"MakeCereal",
		"num": 5,
		"Text":"DeAndre: Nah it’s okay momma. I can just make cereal. I’m going to be late for school if I stay for breakfast.",
		"continue":true,
		"Branch":false
	},

	{
		"id":"Have Breakfast",
		"num": 6,
		"Text":"DeAndre: Yes please momma! Why would I ever choose cereal over pancakes?",
		"continue":true,
		"Branch":false
	},

	{
		"id":"MakeCereal2",
		"num": 7,
		"Text":"Mom: Aww okay sweetie. How is school?",
		"continue":true,
		"Branch":false
	},

	{
		"id":"HaveBreakfast2",
		"num": 8,
		"Text":"Mom: Here you go sweetie. How's school been?",
		"continue":true,
		"Branch":false
	},

	{
		"id":"MakeCereal3",
		"num": 9,
		"Text":"DeAndre: School is alright. Mr.Crow’s AP U.S History is dope though. Did you know BBQs and Cookouts were Southern state events that were the killing and burning of Black folks live for the entertainment of the poor/working White folks?",
		"continue":true,
		"Branch":false
	},

	{
		"id":"MakeCereal4",
		"num": 10,
		"Text":"Mom: Oh my god! Really? You learned that in class?!?",
		"continue":true,
		"Branch":false
	},

	{
		"id":"MakeCereal5",
		"num": 11,
		"Text":"Yeah. Mr. Crow don’t play momma. He don’t sugar coat history.",
		"continue":true,
		"Branch":false
	},

	{
		"id":"MakeCereal6",
		"num": 12,
		"Text":"Mom: Wow, I guess not. Are you excited for your game tomorrow?",
		"continue":true,
		"Branch":false
	},

	{
		"id":"MakeCereal7",
		"num": 13,
		"Text":"DeAndre: Man yes! Coach had us running some many drills yesterday. I guess it makes sense since some scouts are going to be there. I’m hoping the scout form UCLA comes because I would love to go there for college and basketball.",
		"continue":true,
		"Branch":false
	},

	{
		"id":"MakeCereal8",
		"num": 14,
		"Text":"Mom: Honey, you got this! You're a starter and been having a great season. You're going to get in!",
		"continue":true,
		"Branch":false
	},

	{
		"id":"MakeCereal9",
		"num": 15,
		"Text":"DeAndre: Haha, thanks Momma. But right now, I just gotta worry about getting to school on time.",
		"continue":true,
		"Branch":false
	},

	{
		"id":"LeaveHouse",
		"num": 16,
		"Text":"Time to head out",
		"continue":false,
		"Branch":false,
		"Choices":[
			"Kiss mom goodbye",
			"Rush out the house"
		]
	}

	

	
]