[
	{
		"id":"Alarm",
		"num": 0,
		"Text":"Ring Ring! The alarm is going off.",
		"continue":false,
		"Branch":true,
		"Choices":[
			"Snooze",
			"Get Up"
		]	
	},

	{
		"id":"Snooze",
		"num": 1,
		"Text":"You stay in bed",
		"continue":false,
		"Branch":false
		
	},

	{
		"id":"WakeUp",
		"num": 2,
		"Text":"You get out of bed",
		"continue":false,
		"Branch":false
		
	},

	{
		"id":"Room",
		"num": 3,
		"Text":"Where do you want to go?",
		"continue":false,
		"Branch":true,
		"Choices":[
			"Kitchen",
			"Living Room"
		]
	},

	{
		"id":"Kitchen",
		"num": 4,
		"Text":"You head to the kitchen",
		"continue":false,
		"Branch":false
	},

	{
		"id":"LivingRoom",
		"num": 5, 
		"Text":"You head to the living room",
		"continue":false,
		"Branch":false	
	}
]
